2,.,5,R, ,9,/,2, , , , 
2,.,5,R, ,8,/,2, , , , 
2,.,5,R, ,7,/,2, , , , 
2,.,5,R, ,6,/,2, , , , 
2,.,5,R, ,5,/,2, , , , 
2,.,5,R, ,4,/,2, , , , 
2,.,5,R, ,3,/,2, , , , 
2,.,5,R, ,2,.,5,/,2, , 
2,.,5,R, ,8,/,4, , , , 
2,.,5,R, ,7,/,4, , , , 
2,.,5,R, ,6,/,4, , , , 
2,.,5,R, ,5,/,4, , , , 
2,.,5,R, ,4,/,4, , , , 
2,.,5,R, ,3,/,4, , , , 
2,.,5,R, ,7,/,6, , , , 
2,.,5,R, ,6,/,6, , , , 
2,.,5,R, ,5,/,6, , , , 
2,.,5,R, ,4,/,6, , , , 
2,.,5,R, ,3,/,6, , , , 
2,.,5,R, ,7,/,8, , , , 
2,.,5,R, ,6,/,8, , , , 
2,.,5,R, ,5,/,8, , , , 
2,.,5,R, ,4,/,8, , , , 
2,.,5,R, ,7,/,1,0, , , 
2,.,5,R, ,6,/,1,0, , , 
2,.,5,R, ,5,/,1,0, , , 
2,.,5,R, ,4,/,1,0, , , 
2,.,5,R, ,6,/,1,2, , , 
2,.,5,R, ,5,/,1,2, , , 
2,.,5,R, ,4,/,1,2, , , 
5,R, ,9,/,1, , , , , , 
5,R, ,8,/,1, , , , , , 
5,R, ,7,/,1, , , , , , 
5,R, ,6,/,1, , , , , , 
5,R, ,5,/,1, , , , , , 
5,R, ,4,/,1, , , , , , 
5,R, ,3,/,1, , , , , , 
5,R, ,2,.,5,/,1, , , , 
5,R, ,9,/,2, , , , , , 
5,R, ,8,/,2, , , , , , 
5,R, ,7,/,2, , , , , , 
5,R, ,6,/,2, , , , , , 
5,R, ,5,/,2, , , , , , 
5,R, ,4,/,2, , , , , , 
5,R, ,3,/,2, , , , , , 
5,R, ,2,.,5,/,2, , , , 
5,R, ,8,/,4, , , , , , 
5,R, ,7,/,4, , , , , , 
5,R, ,6,/,4, , , , , , 
5,R, ,5,/,4, , , , , , 
5,R, ,4,/,4, , , , , , 
5,R, ,3,/,4, , , , , , 
5,R, ,7,/,6, , , , , , 
5,R, ,6,/,6, , , , , , 
5,R, ,5,/,6, , , , , , 
5,R, ,4,/,6, , , , , , 
5,R, ,3,/,6, , , , , , 
5,R, ,7,/,8, , , , , , 
5,R, ,6,/,8, , , , , , 
5,R, ,5,/,8, , , , , , 
5,R, ,4,/,8, , , , , , 
5,R, ,7,/,1,0, , , , , 
5,R, ,6,/,1,0, , , , , 
5,R, ,5,/,1,0, , , , , 
5,R, ,4,/,1,0, , , , , 
5,R, ,6,/,1,2, , , , , 
5,R, ,5,/,1,2, , , , , 
5,R, ,4,/,1,2, , , , , 
5,R, ,6,/,1,4, , , , , 
5,R, ,5,/,1,4, , , , , 
5,R, ,4,/,1,4, , , , , 
7,.,5,R, ,9,/,2, , , , 
7,.,5,R, ,8,/,2, , , , 
7,.,5,R, ,7,/,2, , , , 
7,.,5,R, ,6,/,2, , , , 
7,.,5,R, ,5,/,2, , , , 
7,.,5,R, ,4,/,2, , , , 
7,.,5,R, ,3,/,2, , , , 
7,.,5,R, ,2,.,5,/,2, , 
7,.,5,R, ,8,/,4, , , , 
7,.,5,R, ,7,/,4, , , , 
7,.,5,R, ,6,/,4, , , , 
7,.,5,R, ,5,/,4, , , , 
7,.,5,R, ,4,/,4, , , , 
7,.,5,R, ,3,/,4, , , , 
7,.,5,R, ,7,/,6, , , , 
7,.,5,R, ,6,/,6, , , , 
7,.,5,R, ,5,/,6, , , , 
7,.,5,R, ,4,/,6, , , , 
7,.,5,R, ,3,/,6, , , , 
7,.,5,R, ,7,/,8, , , , 
7,.,5,R, ,6,/,8, , , , 
7,.,5,R, ,5,/,8, , , , 
7,.,5,R, ,4,/,8, , , , 
7,.,5,R, ,7,/,1,0, , , 
7,.,5,R, ,6,/,1,0, , , 
7,.,5,R, ,5,/,1,0, , , 
7,.,5,R, ,4,/,1,0, , , 
7,.,5,R, ,6,/,1,2, , , 
7,.,5,R, ,5,/,1,2, , , 
7,.,5,R, ,4,/,1,2, , , 
1,0,R, ,9,/,1, , , , , 
1,0,R, ,8,/,1, , , , , 
1,0,R, ,7,/,1, , , , , 
1,0,R, ,6,/,1, , , , , 
1,0,R, ,5,/,1, , , , , 
1,0,R, ,4,/,1, , , , , 
1,0,R, ,3,/,1, , , , , 
1,0,R, ,2,.,5,/,1, , , 
1,0,R, ,9,/,2, , , , , 
1,0,R, ,8,/,2, , , , , 
1,0,R, ,7,/,2, , , , , 
1,0,R, ,6,/,2, , , , , 
1,0,R, ,5,/,2, , , , , 
1,0,R, ,4,/,2, , , , , 
1,0,R, ,3,/,2, , , , , 
1,0,R, ,2,.,5,/,2, , , 
1,0,R, ,8,/,4, , , , , 
1,0,R, ,7,/,4, , , , , 
1,0,R, ,6,/,4, , , , , 
1,0,R, ,5,/,4, , , , , 
1,0,R, ,4,/,4, , , , , 
1,0,R, ,3,/,4, , , , , 
1,0,R, ,8,/,6, , , , , 
1,0,R, ,7,/,6, , , , , 
1,0,R, ,6,/,6, , , , , 
1,0,R, ,5,/,6, , , , , 
1,0,R, ,4,/,6, , , , , 
1,0,R, ,8,/,8, , , , , 
1,0,R, ,7,/,8, , , , , 
1,0,R, ,6,/,8, , , , , 
1,0,R, ,5,/,8, , , , , 
1,0,R, ,4,/,8, , , , , 
1,0,R, ,7,/,1,0, , , , 
1,0,R, ,6,/,1,0, , , , 
1,0,R, ,5,/,1,0, , , , 
1,0,R, ,7,/,1,2, , , , 
1,0,R, ,6,/,1,2, , , , 
1,0,R, ,5,/,1,2, , , , 
2,.,5,Y,R, ,9,/,2, , , 
2,.,5,Y,R, ,8,/,2, , , 
2,.,5,Y,R, ,7,/,2, , , 
2,.,5,Y,R, ,6,/,2, , , 
2,.,5,Y,R, ,5,/,2, , , 
2,.,5,Y,R, ,4,/,2, , , 
2,.,5,Y,R, ,3,/,2, , , 
2,.,5,Y,R, ,2,.,5,/,2, 
2,.,5,Y,R, ,8,/,4, , , 
2,.,5,Y,R, ,7,/,4, , , 
2,.,5,Y,R, ,6,/,4, , , 
2,.,5,Y,R, ,5,/,4, , , 
2,.,5,Y,R, ,4,/,4, , , 
2,.,5,Y,R, ,8,/,6, , , 
2,.,5,Y,R, ,7,/,6, , , 
2,.,5,Y,R, ,6,/,6, , , 
2,.,5,Y,R, ,5,/,6, , , 
2,.,5,Y,R, ,4,/,6, , , 
2,.,5,Y,R, ,8,/,8, , , 
2,.,5,Y,R, ,7,/,8, , , 
2,.,5,Y,R, ,6,/,8, , , 
2,.,5,Y,R, ,5,/,8, , , 
2,.,5,Y,R, ,4,/,8, , , 
2,.,5,Y,R, ,7,/,1,0, , 
2,.,5,Y,R, ,6,/,1,0, , 
2,.,5,Y,R, ,5,/,1,0, , 
2,.,5,Y,R, ,7,/,1,2, , 
2,.,5,Y,R, ,6,/,1,2, , 
2,.,5,Y,R, ,6,/,1,4, , 
5,Y,R, ,9,/,1, , , , , 
5,Y,R, ,8,/,1, , , , , 
5,Y,R, ,7,/,1, , , , , 
5,Y,R, ,6,/,1, , , , , 
5,Y,R, ,5,/,1, , , , , 
5,Y,R, ,4,/,1, , , , , 
5,Y,R, ,3,/,1, , , , , 
5,Y,R, ,2,.,5,/,1, , , 
5,Y,R, ,9,/,2, , , , , 
5,Y,R, ,8,/,2, , , , , 
5,Y,R, ,7,/,2, , , , , 
5,Y,R, ,6,/,2, , , , , 
5,Y,R, ,5,/,2, , , , , 
5,Y,R, ,4,/,2, , , , , 
5,Y,R, ,3,/,2, , , , , 
5,Y,R, ,9,/,4, , , , , 
5,Y,R, ,8,/,4, , , , , 
5,Y,R, ,7,/,4, , , , , 
5,Y,R, ,6,/,4, , , , , 
5,Y,R, ,5,/,4, , , , , 
5,Y,R, ,4,/,4, , , , , 
5,Y,R, ,8,/,6, , , , , 
5,Y,R, ,7,/,6, , , , , 
5,Y,R, ,6,/,6, , , , , 
5,Y,R, ,5,/,6, , , , , 
5,Y,R, ,4,/,6, , , , , 
5,Y,R, ,8,/,8, , , , , 
5,Y,R, ,7,/,8, , , , , 
5,Y,R, ,6,/,8, , , , , 
5,Y,R, ,5,/,8, , , , , 
5,Y,R, ,7,/,1,0, , , , 
5,Y,R, ,6,/,1,0, , , , 
5,Y,R, ,7,/,1,2, , , , 
5,Y,R, ,6,/,1,2, , , , 
7,.,5,Y,R, ,9,/,2, , , 
7,.,5,Y,R, ,8,/,2, , , 
7,.,5,Y,R, ,7,/,2, , , 
7,.,5,Y,R, ,6,/,2, , , 
7,.,5,Y,R, ,5,/,2, , , 
7,.,5,Y,R, ,4,/,2, , , 
7,.,5,Y,R, ,3,/,2, , , 
7,.,5,Y,R, ,9,/,4, , , 
7,.,5,Y,R, ,8,/,4, , , 
7,.,5,Y,R, ,7,/,4, , , 
7,.,5,Y,R, ,6,/,4, , , 
7,.,5,Y,R, ,5,/,4, , , 
7,.,5,Y,R, ,4,/,4, , , 
7,.,5,Y,R, ,8,/,6, , , 
7,.,5,Y,R, ,7,/,6, , , 
7,.,5,Y,R, ,6,/,6, , , 
7,.,5,Y,R, ,5,/,6, , , 
7,.,5,Y,R, ,4,/,6, , , 
7,.,5,Y,R, ,8,/,8, , , 
7,.,5,Y,R, ,7,/,8, , , 
7,.,5,Y,R, ,6,/,8, , , 
7,.,5,Y,R, ,5,/,8, , , 
7,.,5,Y,R, ,8,/,1,0, , 
7,.,5,Y,R, ,7,/,1,0, , 
7,.,5,Y,R, ,6,/,1,0, , 
7,.,5,Y,R, ,7,/,1,2, , 
1,0,Y,R, ,9,/,1, , , , 
1,0,Y,R, ,8,/,1, , , , 
1,0,Y,R, ,7,/,1, , , , 
1,0,Y,R, ,6,/,1, , , , 
1,0,Y,R, ,5,/,1, , , , 
1,0,Y,R, ,4,/,1, , , , 
1,0,Y,R, ,3,/,1, , , , 
1,0,Y,R, ,2,.,5,/,1, , 
1,0,Y,R, ,9,/,2, , , , 
1,0,Y,R, ,8,/,2, , , , 
1,0,Y,R, ,7,/,2, , , , 
1,0,Y,R, ,6,/,2, , , , 
1,0,Y,R, ,5,/,2, , , , 
1,0,Y,R, ,4,/,2, , , , 
1,0,Y,R, ,3,/,2, , , , 
1,0,Y,R, ,9,/,4, , , , 
1,0,Y,R, ,8,/,4, , , , 
1,0,Y,R, ,7,/,4, , , , 
1,0,Y,R, ,6,/,4, , , , 
1,0,Y,R, ,5,/,4, , , , 
1,0,Y,R, ,4,/,4, , , , 
1,0,Y,R, ,8,/,6, , , , 
1,0,Y,R, ,7,/,6, , , , 
1,0,Y,R, ,6,/,6, , , , 
1,0,Y,R, ,5,/,6, , , , 
1,0,Y,R, ,8,/,8, , , , 
1,0,Y,R, ,7,/,8, , , , 
1,0,Y,R, ,6,/,8, , , , 
1,0,Y,R, ,5,/,8, , , , 
1,0,Y,R, ,8,/,1,0, , , 
1,0,Y,R, ,7,/,1,0, , , 
1,0,Y,R, ,6,/,1,0, , , 
1,0,Y,R, ,7,/,1,2, , , 
2,.,5,Y, ,9,/,2, , , , 
2,.,5,Y, ,8,.,5,/,2, , 
2,.,5,Y, ,8,/,2, , , , 
2,.,5,Y, ,7,/,2, , , , 
2,.,5,Y, ,6,/,2, , , , 
2,.,5,Y, ,5,/,2, , , , 
2,.,5,Y, ,4,/,2, , , , 
2,.,5,Y, ,3,/,2, , , , 
2,.,5,Y, ,9,/,4, , , , 
2,.,5,Y, ,8,.,5,/,4, , 
2,.,5,Y, ,8,/,4, , , , 
2,.,5,Y, ,7,/,4, , , , 
2,.,5,Y, ,6,/,4, , , , 
2,.,5,Y, ,5,/,4, , , , 
2,.,5,Y, ,4,/,4, , , , 
2,.,5,Y, ,9,/,6, , , , 
2,.,5,Y, ,8,.,5,/,6, , 
2,.,5,Y, ,8,/,6, , , , 
2,.,5,Y, ,7,/,6, , , , 
2,.,5,Y, ,6,/,6, , , , 
2,.,5,Y, ,5,/,6, , , , 
2,.,5,Y, ,8,.,5,/,8, , 
2,.,5,Y, ,8,/,8, , , , 
2,.,5,Y, ,7,/,8, , , , 
2,.,5,Y, ,6,/,8, , , , 
2,.,5,Y, ,8,.,5,/,1,0, 
2,.,5,Y, ,8,/,1,0, , , 
2,.,5,Y, ,7,/,1,0, , , 
2,.,5,Y, ,8,/,1,2, , , 
2,.,5,Y, ,7,/,1,2, , , 
5,Y, ,9,/,1, , , , , , 
5,Y, ,8,.,5,/,1, , , , 
5,Y, ,8,/,1, , , , , , 
5,Y, ,7,/,1, , , , , , 
5,Y, ,6,/,1, , , , , , 
5,Y, ,5,/,1, , , , , , 
5,Y, ,4,/,1, , , , , , 
5,Y, ,3,/,1, , , , , , 
5,Y, ,2,.,5,/,1, , , , 
5,Y, ,9,/,2, , , , , , 
5,Y, ,8,.,5,/,2, , , , 
5,Y, ,8,/,2, , , , , , 
5,Y, ,7,/,2, , , , , , 
5,Y, ,6,/,2, , , , , , 
5,Y, ,5,/,2, , , , , , 
5,Y, ,4,/,2, , , , , , 
5,Y, ,3,/,2, , , , , , 
5,Y, ,9,/,4, , , , , , 
5,Y, ,8,.,5,/,4, , , , 
5,Y, ,8,/,4, , , , , , 
5,Y, ,7,/,4, , , , , , 
5,Y, ,6,/,4, , , , , , 
5,Y, ,5,/,4, , , , , , 
5,Y, ,4,/,4, , , , , , 
5,Y, ,9,/,6, , , , , , 
5,Y, ,8,.,5,/,6, , , , 
5,Y, ,8,/,6, , , , , , 
5,Y, ,7,/,6, , , , , , 
5,Y, ,6,/,6, , , , , , 
5,Y, ,5,/,6, , , , , , 
5,Y, ,9,/,8, , , , , , 
5,Y, ,8,.,5,/,8, , , , 
5,Y, ,8,/,8, , , , , , 
5,Y, ,7,/,8, , , , , , 
5,Y, ,6,/,8, , , , , , 
5,Y, ,8,.,5,/,1,0, , , 
5,Y, ,8,/,1,0, , , , , 
5,Y, ,7,/,1,0, , , , , 
5,Y, ,8,.,5,/,1,2, , , 
5,Y, ,8,/,1,2, , , , , 
5,Y, ,7,/,1,2, , , , , 
7,.,5,Y, ,9,/,2, , , , 
7,.,5,Y, ,8,.,5,/,2, , 
7,.,5,Y, ,8,/,2, , , , 
7,.,5,Y, ,7,/,2, , , , 
7,.,5,Y, ,6,/,2, , , , 
7,.,5,Y, ,5,/,2, , , , 
7,.,5,Y, ,4,/,2, , , , 
7,.,5,Y, ,3,/,2, , , , 
7,.,5,Y, ,9,/,4, , , , 
7,.,5,Y, ,8,.,5,/,4, , 
7,.,5,Y, ,8,/,4, , , , 
7,.,5,Y, ,7,/,4, , , , 
7,.,5,Y, ,6,/,4, , , , 
7,.,5,Y, ,5,/,4, , , , 
7,.,5,Y, ,4,/,4, , , , 
7,.,5,Y, ,9,/,6, , , , 
7,.,5,Y, ,8,.,5,/,6, , 
7,.,5,Y, ,8,/,6, , , , 
7,.,5,Y, ,7,/,6, , , , 
7,.,5,Y, ,6,/,6, , , , 
7,.,5,Y, ,5,/,6, , , , 
7,.,5,Y, ,9,/,8, , , , 
7,.,5,Y, ,8,.,5,/,8, , 
7,.,5,Y, ,8,/,8, , , , 
7,.,5,Y, ,7,/,8, , , , 
7,.,5,Y, ,6,/,8, , , , 
7,.,5,Y, ,9,/,1,0, , , 
7,.,5,Y, ,8,.,5,/,1,0, 
7,.,5,Y, ,8,/,1,0, , , 
7,.,5,Y, ,7,/,1,0, , , 
7,.,5,Y, ,8,.,5,/,1,2, 
7,.,5,Y, ,8,/,1,2, , , 
1,0,Y, ,9,/,1, , , , , 
1,0,Y, ,8,.,5,/,1, , , 
1,0,Y, ,8,/,1, , , , , 
1,0,Y, ,7,/,1, , , , , 
1,0,Y, ,6,/,1, , , , , 
1,0,Y, ,5,/,1, , , , , 
1,0,Y, ,4,/,1, , , , , 
1,0,Y, ,3,/,1, , , , , 
1,0,Y, ,2,.,5,/,1, , , 
1,0,Y, ,9,/,2, , , , , 
1,0,Y, ,8,.,5,/,2, , , 
1,0,Y, ,8,/,2, , , , , 
1,0,Y, ,7,/,2, , , , , 
1,0,Y, ,6,/,2, , , , , 
1,0,Y, ,5,/,2, , , , , 
1,0,Y, ,4,/,2, , , , , 
1,0,Y, ,3,/,2, , , , , 
1,0,Y, ,9,/,4, , , , , 
1,0,Y, ,8,.,5,/,4, , , 
1,0,Y, ,8,/,4, , , , , 
1,0,Y, ,7,/,4, , , , , 
1,0,Y, ,6,/,4, , , , , 
1,0,Y, ,5,/,4, , , , , 
1,0,Y, ,4,/,4, , , , , 
1,0,Y, ,9,/,6, , , , , 
1,0,Y, ,8,.,5,/,6, , , 
1,0,Y, ,8,/,6, , , , , 
1,0,Y, ,7,/,6, , , , , 
1,0,Y, ,6,/,6, , , , , 
1,0,Y, ,5,/,6, , , , , 
1,0,Y, ,9,/,8, , , , , 
1,0,Y, ,8,.,5,/,8, , , 
1,0,Y, ,8,/,8, , , , , 
1,0,Y, ,7,/,8, , , , , 
1,0,Y, ,6,/,8, , , , , 
1,0,Y, ,9,/,1,0, , , , 
1,0,Y, ,8,.,5,/,1,0, , 
1,0,Y, ,8,/,1,0, , , , 
1,0,Y, ,7,/,1,0, , , , 
1,0,Y, ,8,/,1,2, , , , 
2,.,5,G,Y, ,9,/,2, , , 
2,.,5,G,Y, ,8,.,5,/,2, 
2,.,5,G,Y, ,8,/,2, , , 
2,.,5,G,Y, ,7,/,2, , , 
2,.,5,G,Y, ,6,/,2, , , 
2,.,5,G,Y, ,5,/,2, , , 
2,.,5,G,Y, ,4,/,2, , , 
2,.,5,G,Y, ,3,/,2, , , 
2,.,5,G,Y, ,9,/,4, , , 
2,.,5,G,Y, ,8,.,5,/,4, 
2,.,5,G,Y, ,8,/,4, , , 
2,.,5,G,Y, ,7,/,4, , , 
2,.,5,G,Y, ,6,/,4, , , 
2,.,5,G,Y, ,5,/,4, , , 
2,.,5,G,Y, ,4,/,4, , , 
2,.,5,G,Y, ,9,/,6, , , 
2,.,5,G,Y, ,8,.,5,/,6, 
2,.,5,G,Y, ,8,/,6, , , 
2,.,5,G,Y, ,7,/,6, , , 
2,.,5,G,Y, ,6,/,6, , , 
2,.,5,G,Y, ,5,/,6, , , 
2,.,5,G,Y, ,9,/,8, , , 
2,.,5,G,Y, ,8,.,5,/,8, 
2,.,5,G,Y, ,8,/,8, , , 
2,.,5,G,Y, ,7,/,8, , , 
2,.,5,G,Y, ,6,/,8, , , 
2,.,5,G,Y, ,8,.,5,/,1,0
2,.,5,G,Y, ,8,/,1,0, , 
2,.,5,G,Y, ,7,/,1,0, , 
5,G,Y, ,9,/,1, , , , , 
5,G,Y, ,8,.,5,/,1, , , 
5,G,Y, ,8,/,1, , , , , 
5,G,Y, ,7,/,1, , , , , 
5,G,Y, ,6,/,1, , , , , 
5,G,Y, ,5,/,1, , , , , 
5,G,Y, ,4,/,1, , , , , 
5,G,Y, ,3,/,1, , , , , 
5,G,Y, ,2,.,5,/,1, , , 
5,G,Y, ,9,/,2, , , , , 
5,G,Y, ,8,.,5,/,2, , , 
5,G,Y, ,8,/,2, , , , , 
5,G,Y, ,7,/,2, , , , , 
5,G,Y, ,6,/,2, , , , , 
5,G,Y, ,5,/,2, , , , , 
5,G,Y, ,4,/,2, , , , , 
5,G,Y, ,3,/,2, , , , , 
5,G,Y, ,9,/,4, , , , , 
5,G,Y, ,8,.,5,/,4, , , 
5,G,Y, ,8,/,4, , , , , 
5,G,Y, ,7,/,4, , , , , 
5,G,Y, ,6,/,4, , , , , 
5,G,Y, ,5,/,4, , , , , 
5,G,Y, ,4,/,4, , , , , 
5,G,Y, ,9,/,6, , , , , 
5,G,Y, ,8,.,5,/,6, , , 
5,G,Y, ,8,/,6, , , , , 
5,G,Y, ,7,/,6, , , , , 
5,G,Y, ,6,/,6, , , , , 
5,G,Y, ,5,/,6, , , , , 
5,G,Y, ,8,.,5,/,8, , , 
5,G,Y, ,8,/,8, , , , , 
5,G,Y, ,7,/,8, , , , , 
5,G,Y, ,6,/,8, , , , , 
5,G,Y, ,5,/,8, , , , , 
5,G,Y, ,8,.,5,/,1,0, , 
5,G,Y, ,8,/,1,0, , , , 
7,.,5,G,Y, ,9,/,2, , , 
7,.,5,G,Y, ,8,.,5,/,2, 
7,.,5,G,Y, ,8,/,2, , , 
7,.,5,G,Y, ,7,/,2, , , 
7,.,5,G,Y, ,6,/,2, , , 
7,.,5,G,Y, ,5,/,2, , , 
7,.,5,G,Y, ,4,/,2, , , 
7,.,5,G,Y, ,3,/,2, , , 
7,.,5,G,Y, ,9,/,4, , , 
7,.,5,G,Y, ,8,.,5,/,4, 
7,.,5,G,Y, ,8,/,4, , , 
7,.,5,G,Y, ,7,/,4, , , 
7,.,5,G,Y, ,6,/,4, , , 
7,.,5,G,Y, ,5,/,4, , , 
7,.,5,G,Y, ,4,/,4, , , 
7,.,5,G,Y, ,8,.,5,/,6, 
7,.,5,G,Y, ,8,/,6, , , 
7,.,5,G,Y, ,7,/,6, , , 
7,.,5,G,Y, ,6,/,6, , , 
7,.,5,G,Y, ,5,/,6, , , 
7,.,5,G,Y, ,8,/,8, , , 
7,.,5,G,Y, ,7,/,8, , , 
7,.,5,G,Y, ,6,/,8, , , 
7,.,5,G,Y, ,5,/,8, , , 
7,.,5,G,Y, ,7,/,1,0, , 
7,.,5,G,Y, ,6,/,1,0, , 
1,0,G,Y, ,9,/,1, , , , 
1,0,G,Y, ,8,.,5,/,1, , 
1,0,G,Y, ,8,/,1, , , , 
1,0,G,Y, ,7,/,1, , , , 
1,0,G,Y, ,6,/,1, , , , 
1,0,G,Y, ,5,/,1, , , , 
1,0,G,Y, ,4,/,1, , , , 
1,0,G,Y, ,3,/,1, , , , 
1,0,G,Y, ,2,.,5,/,1, , 
1,0,G,Y, ,9,/,2, , , , 
1,0,G,Y, ,8,.,5,/,2, , 
1,0,G,Y, ,8,/,2, , , , 
1,0,G,Y, ,7,/,2, , , , 
1,0,G,Y, ,6,/,2, , , , 
1,0,G,Y, ,5,/,2, , , , 
1,0,G,Y, ,4,/,2, , , , 
1,0,G,Y, ,3,/,2, , , , 
1,0,G,Y, ,2,.,5,/,2, , 
1,0,G,Y, ,9,/,4, , , , 
1,0,G,Y, ,8,.,5,/,4, , 
1,0,G,Y, ,8,/,4, , , , 
1,0,G,Y, ,7,/,4, , , , 
1,0,G,Y, ,6,/,4, , , , 
1,0,G,Y, ,5,/,4, , , , 
1,0,G,Y, ,4,/,4, , , , 
1,0,G,Y, ,8,.,5,/,6, , 
1,0,G,Y, ,8,/,6, , , , 
1,0,G,Y, ,7,/,6, , , , 
1,0,G,Y, ,6,/,6, , , , 
1,0,G,Y, ,5,/,6, , , , 
1,0,G,Y, ,7,/,8, , , , 
1,0,G,Y, ,6,/,8, , , , 
1,0,G,Y, ,5,/,8, , , , 
1,0,G,Y, ,7,/,1,0, , , 
1,0,G,Y, ,6,/,1,0, , , 
2,.,5,G, ,9,/,2, , , , 
2,.,5,G, ,8,/,2, , , , 
2,.,5,G, ,7,/,2, , , , 
2,.,5,G, ,6,/,2, , , , 
2,.,5,G, ,5,/,2, , , , 
2,.,5,G, ,4,/,2, , , , 
2,.,5,G, ,3,/,2, , , , 
2,.,5,G, ,2,.,5,/,2, , 
2,.,5,G, ,8,/,4, , , , 
2,.,5,G, ,7,/,4, , , , 
2,.,5,G, ,6,/,4, , , , 
2,.,5,G, ,5,/,4, , , , 
2,.,5,G, ,4,/,4, , , , 
2,.,5,G, ,3,/,4, , , , 
2,.,5,G, ,8,/,6, , , , 
2,.,5,G, ,7,/,6, , , , 
2,.,5,G, ,6,/,6, , , , 
2,.,5,G, ,5,/,6, , , , 
2,.,5,G, ,4,/,6, , , , 
2,.,5,G, ,7,/,8, , , , 
2,.,5,G, ,6,/,8, , , , 
2,.,5,G, ,5,/,8, , , , 
2,.,5,G, ,7,/,1,0, , , 
2,.,5,G, ,6,/,1,0, , , 
2,.,5,G, ,5,/,1,0, , , 
2,.,5,G, ,6,/,1,2, , , 
5,G, ,9,/,1, , , , , , 
5,G, ,8,/,1, , , , , , 
5,G, ,7,/,1, , , , , , 
5,G, ,6,/,1, , , , , , 
5,G, ,5,/,1, , , , , , 
5,G, ,4,/,1, , , , , , 
5,G, ,3,/,1, , , , , , 
5,G, ,2,.,5,/,1, , , , 
5,G, ,9,/,2, , , , , , 
5,G, ,8,/,2, , , , , , 
5,G, ,7,/,2, , , , , , 
5,G, ,6,/,2, , , , , , 
5,G, ,5,/,2, , , , , , 
5,G, ,4,/,2, , , , , , 
5,G, ,3,/,2, , , , , , 
5,G, ,2,.,5,/,2, , , , 
5,G, ,8,/,4, , , , , , 
5,G, ,7,/,4, , , , , , 
5,G, ,6,/,4, , , , , , 
5,G, ,5,/,4, , , , , , 
5,G, ,4,/,4, , , , , , 
5,G, ,3,/,4, , , , , , 
5,G, ,8,/,6, , , , , , 
5,G, ,7,/,6, , , , , , 
5,G, ,6,/,6, , , , , , 
5,G, ,5,/,6, , , , , , 
5,G, ,4,/,6, , , , , , 
5,G, ,7,/,8, , , , , , 
5,G, ,6,/,8, , , , , , 
5,G, ,5,/,8, , , , , , 
5,G, ,4,/,8, , , , , , 
5,G, ,7,/,1,0, , , , , 
5,G, ,6,/,1,0, , , , , 
7,.,5,G, ,9,/,2, , , , 
7,.,5,G, ,8,/,2, , , , 
7,.,5,G, ,7,/,2, , , , 
7,.,5,G, ,6,/,2, , , , 
7,.,5,G, ,5,/,2, , , , 
7,.,5,G, ,4,/,2, , , , 
7,.,5,G, ,3,/,2, , , , 
7,.,5,G, ,2,.,5,/,2, , 
7,.,5,G, ,8,/,4, , , , 
7,.,5,G, ,7,/,4, , , , 
7,.,5,G, ,6,/,4, , , , 
7,.,5,G, ,5,/,4, , , , 
7,.,5,G, ,4,/,4, , , , 
7,.,5,G, ,3,/,4, , , , 
7,.,5,G, ,8,/,6, , , , 
7,.,5,G, ,7,/,6, , , , 
7,.,5,G, ,6,/,6, , , , 
7,.,5,G, ,5,/,6, , , , 
7,.,5,G, ,4,/,6, , , , 
7,.,5,G, ,7,/,8, , , , 
7,.,5,G, ,6,/,8, , , , 
7,.,5,G, ,5,/,8, , , , 
7,.,5,G, ,4,/,8, , , , 
7,.,5,G, ,7,/,1,0, , , 
7,.,5,G, ,6,/,1,0, , , 
1,0,G, ,9,/,1, , , , , 
1,0,G, ,8,/,1, , , , , 
1,0,G, ,7,/,1, , , , , 
1,0,G, ,6,/,1, , , , , 
1,0,G, ,5,/,1, , , , , 
1,0,G, ,4,/,1, , , , , 
1,0,G, ,3,/,1, , , , , 
1,0,G, ,2,.,5,/,1, , , 
1,0,G, ,9,/,2, , , , , 
1,0,G, ,8,/,2, , , , , 
1,0,G, ,7,/,2, , , , , 
1,0,G, ,6,/,2, , , , , 
1,0,G, ,5,/,2, , , , , 
1,0,G, ,4,/,2, , , , , 
1,0,G, ,3,/,2, , , , , 
1,0,G, ,2,.,5,/,2, , , 
1,0,G, ,8,/,4, , , , , 
1,0,G, ,7,/,4, , , , , 
1,0,G, ,6,/,4, , , , , 
1,0,G, ,5,/,4, , , , , 
1,0,G, ,4,/,4, , , , , 
1,0,G, ,3,/,4, , , , , 
1,0,G, ,7,/,6, , , , , 
1,0,G, ,6,/,6, , , , , 
1,0,G, ,5,/,6, , , , , 
1,0,G, ,4,/,6, , , , , 
1,0,G, ,7,/,8, , , , , 
1,0,G, ,6,/,8, , , , , 
1,0,G, ,5,/,8, , , , , 
1,0,G, ,4,/,8, , , , , 
1,0,G, ,6,/,1,0, , , , 
2,.,5,B,G, ,9,/,2, , , 
2,.,5,B,G, ,8,/,2, , , 
2,.,5,B,G, ,7,/,2, , , 
2,.,5,B,G, ,6,/,2, , , 
2,.,5,B,G, ,5,/,2, , , 
2,.,5,B,G, ,4,/,2, , , 
2,.,5,B,G, ,3,/,2, , , 
2,.,5,B,G, ,2,.,5,/,2, 
2,.,5,B,G, ,8,/,4, , , 
2,.,5,B,G, ,7,/,4, , , 
2,.,5,B,G, ,6,/,4, , , 
2,.,5,B,G, ,5,/,4, , , 
2,.,5,B,G, ,4,/,4, , , 
2,.,5,B,G, ,3,/,4, , , 
2,.,5,B,G, ,7,/,6, , , 
2,.,5,B,G, ,6,/,6, , , 
2,.,5,B,G, ,5,/,6, , , 
2,.,5,B,G, ,4,/,6, , , 
2,.,5,B,G, ,3,/,6, , , 
2,.,5,B,G, ,7,/,8, , , 
2,.,5,B,G, ,6,/,8, , , 
2,.,5,B,G, ,5,/,8, , , 
2,.,5,B,G, ,4,/,8, , , 
2,.,5,B,G, ,6,/,1,0, , 
5,B,G, ,9,/,1, , , , , 
5,B,G, ,8,/,1, , , , , 
5,B,G, ,7,/,1, , , , , 
5,B,G, ,6,/,1, , , , , 
5,B,G, ,5,/,1, , , , , 
5,B,G, ,4,/,1, , , , , 
5,B,G, ,3,/,1, , , , , 
5,B,G, ,2,.,5,/,1, , , 
5,B,G, ,9,/,2, , , , , 
5,B,G, ,8,/,2, , , , , 
5,B,G, ,7,/,2, , , , , 
5,B,G, ,6,/,2, , , , , 
5,B,G, ,5,/,2, , , , , 
5,B,G, ,4,/,2, , , , , 
5,B,G, ,3,/,2, , , , , 
5,B,G, ,2,.,5,/,2, , , 
5,B,G, ,8,/,4, , , , , 
5,B,G, ,7,/,4, , , , , 
5,B,G, ,6,/,4, , , , , 
5,B,G, ,5,/,4, , , , , 
5,B,G, ,4,/,4, , , , , 
5,B,G, ,3,/,4, , , , , 
5,B,G, ,7,/,6, , , , , 
5,B,G, ,6,/,6, , , , , 
5,B,G, ,5,/,6, , , , , 
5,B,G, ,4,/,6, , , , , 
5,B,G, ,7,/,8, , , , , 
5,B,G, ,6,/,8, , , , , 
5,B,G, ,5,/,8, , , , , 
5,B,G, ,4,/,8, , , , , 
7,.,5,B,G, ,9,/,2, , , 
7,.,5,B,G, ,8,/,2, , , 
7,.,5,B,G, ,7,/,2, , , 
7,.,5,B,G, ,6,/,2, , , 
7,.,5,B,G, ,5,/,2, , , 
7,.,5,B,G, ,4,/,2, , , 
7,.,5,B,G, ,3,/,2, , , 
7,.,5,B,G, ,2,.,5,/,2, 
7,.,5,B,G, ,8,/,4, , , 
7,.,5,B,G, ,7,/,4, , , 
7,.,5,B,G, ,6,/,4, , , 
7,.,5,B,G, ,5,/,4, , , 
7,.,5,B,G, ,4,/,4, , , 
7,.,5,B,G, ,3,/,4, , , 
7,.,5,B,G, ,7,/,6, , , 
7,.,5,B,G, ,6,/,6, , , 
7,.,5,B,G, ,5,/,6, , , 
7,.,5,B,G, ,4,/,6, , , 
7,.,5,B,G, ,7,/,8, , , 
7,.,5,B,G, ,6,/,8, , , 
7,.,5,B,G, ,5,/,8, , , 
7,.,5,B,G, ,4,/,8, , , 
1,0,B,G, ,9,/,1, , , , 
1,0,B,G, ,8,/,1, , , , 
1,0,B,G, ,7,/,1, , , , 
1,0,B,G, ,6,/,1, , , , 
1,0,B,G, ,5,/,1, , , , 
1,0,B,G, ,4,/,1, , , , 
1,0,B,G, ,3,/,1, , , , 
1,0,B,G, ,2,.,5,/,1, , 
1,0,B,G, ,9,/,2, , , , 
1,0,B,G, ,8,/,2, , , , 
1,0,B,G, ,7,/,2, , , , 
1,0,B,G, ,6,/,2, , , , 
1,0,B,G, ,5,/,2, , , , 
1,0,B,G, ,4,/,2, , , , 
1,0,B,G, ,3,/,2, , , , 
1,0,B,G, ,2,.,5,/,2, , 
1,0,B,G, ,8,/,4, , , , 
1,0,B,G, ,7,/,4, , , , 
1,0,B,G, ,6,/,4, , , , 
1,0,B,G, ,5,/,4, , , , 
1,0,B,G, ,4,/,4, , , , 
1,0,B,G, ,3,/,4, , , , 
1,0,B,G, ,7,/,6, , , , 
1,0,B,G, ,6,/,6, , , , 
1,0,B,G, ,5,/,6, , , , 
1,0,B,G, ,4,/,6, , , , 
1,0,B,G, ,7,/,8, , , , 
1,0,B,G, ,6,/,8, , , , 
1,0,B,G, ,5,/,8, , , , 
1,0,B,G, ,4,/,8, , , , 
2,.,5,B, ,9,/,2, , , , 
2,.,5,B, ,8,/,2, , , , 
2,.,5,B, ,7,/,2, , , , 
2,.,5,B, ,6,/,2, , , , 
2,.,5,B, ,5,/,2, , , , 
2,.,5,B, ,4,/,2, , , , 
2,.,5,B, ,3,/,2, , , , 
2,.,5,B, ,2,.,5,/,2, , 
2,.,5,B, ,8,/,4, , , , 
2,.,5,B, ,7,/,4, , , , 
2,.,5,B, ,6,/,4, , , , 
2,.,5,B, ,5,/,4, , , , 
2,.,5,B, ,4,/,4, , , , 
2,.,5,B, ,3,/,4, , , , 
2,.,5,B, ,7,/,6, , , , 
2,.,5,B, ,6,/,6, , , , 
2,.,5,B, ,5,/,6, , , , 
2,.,5,B, ,4,/,6, , , , 
2,.,5,B, ,7,/,8, , , , 
2,.,5,B, ,6,/,8, , , , 
2,.,5,B, ,5,/,8, , , , 
2,.,5,B, ,4,/,8, , , , 
5,B, ,9,/,1, , , , , , 
5,B, ,8,/,1, , , , , , 
5,B, ,7,/,1, , , , , , 
5,B, ,6,/,1, , , , , , 
5,B, ,5,/,1, , , , , , 
5,B, ,4,/,1, , , , , , 
5,B, ,3,/,1, , , , , , 
5,B, ,2,.,5,/,1, , , , 
5,B, ,9,/,2, , , , , , 
5,B, ,8,/,2, , , , , , 
5,B, ,7,/,2, , , , , , 
5,B, ,6,/,2, , , , , , 
5,B, ,5,/,2, , , , , , 
5,B, ,4,/,2, , , , , , 
5,B, ,3,/,2, , , , , , 
5,B, ,2,.,5,/,2, , , , 
5,B, ,8,/,4, , , , , , 
5,B, ,7,/,4, , , , , , 
5,B, ,6,/,4, , , , , , 
5,B, ,5,/,4, , , , , , 
5,B, ,4,/,4, , , , , , 
5,B, ,3,/,4, , , , , , 
5,B, ,7,/,6, , , , , , 
5,B, ,6,/,6, , , , , , 
5,B, ,5,/,6, , , , , , 
5,B, ,4,/,6, , , , , , 
5,B, ,3,/,6, , , , , , 
5,B, ,7,/,8, , , , , , 
5,B, ,6,/,8, , , , , , 
5,B, ,5,/,8, , , , , , 
5,B, ,4,/,8, , , , , , 
7,.,5,B, ,9,/,2, , , , 
7,.,5,B, ,8,/,2, , , , 
7,.,5,B, ,7,/,2, , , , 
7,.,5,B, ,6,/,2, , , , 
7,.,5,B, ,5,/,2, , , , 
7,.,5,B, ,4,/,2, , , , 
7,.,5,B, ,3,/,2, , , , 
7,.,5,B, ,2,.,5,/,2, , 
7,.,5,B, ,8,/,4, , , , 
7,.,5,B, ,7,/,4, , , , 
7,.,5,B, ,6,/,4, , , , 
7,.,5,B, ,5,/,4, , , , 
7,.,5,B, ,4,/,4, , , , 
7,.,5,B, ,3,/,4, , , , 
7,.,5,B, ,7,/,6, , , , 
7,.,5,B, ,6,/,6, , , , 
7,.,5,B, ,5,/,6, , , , 
7,.,5,B, ,4,/,6, , , , 
7,.,5,B, ,3,/,6, , , , 
7,.,5,B, ,7,/,8, , , , 
7,.,5,B, ,6,/,8, , , , 
7,.,5,B, ,5,/,8, , , , 
7,.,5,B, ,4,/,8, , , , 
7,.,5,B, ,6,/,1,0, , , 
7,.,5,B, ,5,/,1,0, , , 
1,0,B, ,9,/,1, , , , , 
1,0,B, ,8,/,1, , , , , 
1,0,B, ,7,/,1, , , , , 
1,0,B, ,6,/,1, , , , , 
1,0,B, ,5,/,1, , , , , 
1,0,B, ,4,/,1, , , , , 
1,0,B, ,3,/,1, , , , , 
1,0,B, ,2,.,5,/,1, , , 
1,0,B, ,9,/,2, , , , , 
1,0,B, ,8,/,2, , , , , 
1,0,B, ,7,/,2, , , , , 
1,0,B, ,6,/,2, , , , , 
1,0,B, ,5,/,2, , , , , 
1,0,B, ,4,/,2, , , , , 
1,0,B, ,3,/,2, , , , , 
1,0,B, ,2,.,5,/,2, , , 
1,0,B, ,8,/,4, , , , , 
1,0,B, ,7,/,4, , , , , 
1,0,B, ,6,/,4, , , , , 
1,0,B, ,5,/,4, , , , , 
1,0,B, ,4,/,4, , , , , 
1,0,B, ,3,/,4, , , , , 
1,0,B, ,2,.,5,/,4, , , 
1,0,B, ,7,/,6, , , , , 
1,0,B, ,6,/,6, , , , , 
1,0,B, ,5,/,6, , , , , 
1,0,B, ,4,/,6, , , , , 
1,0,B, ,3,/,6, , , , , 
1,0,B, ,7,/,8, , , , , 
1,0,B, ,6,/,8, , , , , 
1,0,B, ,5,/,8, , , , , 
1,0,B, ,4,/,8, , , , , 
1,0,B, ,6,/,1,0, , , , 
1,0,B, ,5,/,1,0, , , , 
2,.,5,P,B, ,9,/,2, , , 
2,.,5,P,B, ,8,/,2, , , 
2,.,5,P,B, ,7,/,2, , , 
2,.,5,P,B, ,6,/,2, , , 
2,.,5,P,B, ,5,/,2, , , 
2,.,5,P,B, ,4,/,2, , , 
2,.,5,P,B, ,3,/,2, , , 
2,.,5,P,B, ,2,.,5,/,2, 
2,.,5,P,B, ,8,/,4, , , 
2,.,5,P,B, ,7,/,4, , , 
2,.,5,P,B, ,6,/,4, , , 
2,.,5,P,B, ,5,/,4, , , 
2,.,5,P,B, ,4,/,4, , , 
2,.,5,P,B, ,3,/,4, , , 
2,.,5,P,B, ,2,.,5,/,4, 
2,.,5,P,B, ,8,/,6, , , 
2,.,5,P,B, ,7,/,6, , , 
2,.,5,P,B, ,6,/,6, , , 
2,.,5,P,B, ,5,/,6, , , 
2,.,5,P,B, ,4,/,6, , , 
2,.,5,P,B, ,3,/,6, , , 
2,.,5,P,B, ,7,/,8, , , 
2,.,5,P,B, ,6,/,8, , , 
2,.,5,P,B, ,5,/,8, , , 
2,.,5,P,B, ,4,/,8, , , 
2,.,5,P,B, ,6,/,1,0, , 
2,.,5,P,B, ,5,/,1,0, , 
2,.,5,P,B, ,4,/,1,0, , 
5,P,B, ,9,/,1, , , , , 
5,P,B, ,8,/,1, , , , , 
5,P,B, ,7,/,1, , , , , 
5,P,B, ,6,/,1, , , , , 
5,P,B, ,5,/,1, , , , , 
5,P,B, ,4,/,1, , , , , 
5,P,B, ,3,/,1, , , , , 
5,P,B, ,2,.,5,/,1, , , 
5,P,B, ,9,/,2, , , , , 
5,P,B, ,8,/,2, , , , , 
5,P,B, ,7,/,2, , , , , 
5,P,B, ,6,/,2, , , , , 
5,P,B, ,5,/,2, , , , , 
5,P,B, ,4,/,2, , , , , 
5,P,B, ,3,/,2, , , , , 
5,P,B, ,2,.,5,/,2, , , 
5,P,B, ,8,/,4, , , , , 
5,P,B, ,7,/,4, , , , , 
5,P,B, ,6,/,4, , , , , 
5,P,B, ,5,/,4, , , , , 
5,P,B, ,4,/,4, , , , , 
5,P,B, ,3,/,4, , , , , 
5,P,B, ,2,.,5,/,4, , , 
5,P,B, ,8,/,6, , , , , 
5,P,B, ,7,/,6, , , , , 
5,P,B, ,6,/,6, , , , , 
5,P,B, ,5,/,6, , , , , 
5,P,B, ,4,/,6, , , , , 
5,P,B, ,3,/,6, , , , , 
5,P,B, ,7,/,8, , , , , 
5,P,B, ,6,/,8, , , , , 
5,P,B, ,5,/,8, , , , , 
5,P,B, ,4,/,8, , , , , 
5,P,B, ,3,/,8, , , , , 
5,P,B, ,6,/,1,0, , , , 
5,P,B, ,5,/,1,0, , , , 
5,P,B, ,4,/,1,0, , , , 
5,P,B, ,5,/,1,2, , , , 
5,P,B, ,4,/,1,2, , , , 
7,.,5,P,B, ,9,/,2, , , 
7,.,5,P,B, ,8,/,2, , , 
7,.,5,P,B, ,7,/,2, , , 
7,.,5,P,B, ,6,/,2, , , 
7,.,5,P,B, ,5,/,2, , , 
7,.,5,P,B, ,4,/,2, , , 
7,.,5,P,B, ,3,/,2, , , 
7,.,5,P,B, ,2,.,5,/,2, 
7,.,5,P,B, ,8,/,4, , , 
7,.,5,P,B, ,7,/,4, , , 
7,.,5,P,B, ,6,/,4, , , 
7,.,5,P,B, ,5,/,4, , , 
7,.,5,P,B, ,4,/,4, , , 
7,.,5,P,B, ,3,/,4, , , 
7,.,5,P,B, ,2,.,5,/,4, 
7,.,5,P,B, ,8,/,6, , , 
7,.,5,P,B, ,7,/,6, , , 
7,.,5,P,B, ,6,/,6, , , 
7,.,5,P,B, ,5,/,6, , , 
7,.,5,P,B, ,4,/,6, , , 
7,.,5,P,B, ,3,/,6, , , 
7,.,5,P,B, ,2,.,5,/,6, 
7,.,5,P,B, ,7,/,8, , , 
7,.,5,P,B, ,6,/,8, , , 
7,.,5,P,B, ,5,/,8, , , 
7,.,5,P,B, ,4,/,8, , , 
7,.,5,P,B, ,3,/,8, , , 
7,.,5,P,B, ,6,/,1,0, , 
7,.,5,P,B, ,5,/,1,0, , 
7,.,5,P,B, ,4,/,1,0, , 
7,.,5,P,B, ,3,/,1,0, , 
7,.,5,P,B, ,5,/,1,2, , 
7,.,5,P,B, ,4,/,1,2, , 
1,0,P,B, ,9,/,1, , , , 
1,0,P,B, ,8,/,1, , , , 
1,0,P,B, ,7,/,1, , , , 
1,0,P,B, ,6,/,1, , , , 
1,0,P,B, ,5,/,1, , , , 
1,0,P,B, ,4,/,1, , , , 
1,0,P,B, ,3,/,1, , , , 
1,0,P,B, ,2,.,5,/,1, , 
1,0,P,B, ,9,/,2, , , , 
1,0,P,B, ,8,/,2, , , , 
1,0,P,B, ,7,/,2, , , , 
1,0,P,B, ,6,/,2, , , , 
1,0,P,B, ,5,/,2, , , , 
1,0,P,B, ,4,/,2, , , , 
1,0,P,B, ,3,/,2, , , , 
1,0,P,B, ,2,.,5,/,2, , 
1,0,P,B, ,8,/,4, , , , 
1,0,P,B, ,7,/,4, , , , 
1,0,P,B, ,6,/,4, , , , 
1,0,P,B, ,5,/,4, , , , 
1,0,P,B, ,4,/,4, , , , 
1,0,P,B, ,3,/,4, , , , 
1,0,P,B, ,2,.,5,/,4, , 
1,0,P,B, ,7,/,6, , , , 
1,0,P,B, ,6,/,6, , , , 
1,0,P,B, ,5,/,6, , , , 
1,0,P,B, ,4,/,6, , , , 
1,0,P,B, ,3,/,6, , , , 
1,0,P,B, ,2,.,5,/,6, , 
1,0,P,B, ,7,/,8, , , , 
1,0,P,B, ,6,/,8, , , , 
1,0,P,B, ,5,/,8, , , , 
1,0,P,B, ,4,/,8, , , , 
1,0,P,B, ,3,/,8, , , , 
1,0,P,B, ,6,/,1,0, , , 
1,0,P,B, ,5,/,1,0, , , 
1,0,P,B, ,4,/,1,0, , , 
2,.,5,P, ,9,/,2, , , , 
2,.,5,P, ,8,/,2, , , , 
2,.,5,P, ,7,/,2, , , , 
2,.,5,P, ,6,/,2, , , , 
2,.,5,P, ,5,/,2, , , , 
2,.,5,P, ,4,/,2, , , , 
2,.,5,P, ,3,/,2, , , , 
2,.,5,P, ,2,.,5,/,2, , 
2,.,5,P, ,8,/,4, , , , 
2,.,5,P, ,7,/,4, , , , 
2,.,5,P, ,6,/,4, , , , 
2,.,5,P, ,5,/,4, , , , 
2,.,5,P, ,4,/,4, , , , 
2,.,5,P, ,3,/,4, , , , 
2,.,5,P, ,2,.,5,/,4, , 
2,.,5,P, ,7,/,6, , , , 
2,.,5,P, ,6,/,6, , , , 
2,.,5,P, ,5,/,6, , , , 
2,.,5,P, ,4,/,6, , , , 
2,.,5,P, ,3,/,6, , , , 
2,.,5,P, ,7,/,8, , , , 
2,.,5,P, ,6,/,8, , , , 
2,.,5,P, ,5,/,8, , , , 
2,.,5,P, ,4,/,8, , , , 
2,.,5,P, ,3,/,8, , , , 
2,.,5,P, ,6,/,1,0, , , 
2,.,5,P, ,5,/,1,0, , , 
2,.,5,P, ,4,/,1,0, , , 
5,P, ,9,/,1, , , , , , 
5,P, ,8,/,1, , , , , , 
5,P, ,7,/,1, , , , , , 
5,P, ,6,/,1, , , , , , 
5,P, ,5,/,1, , , , , , 
5,P, ,4,/,1, , , , , , 
5,P, ,3,/,1, , , , , , 
5,P, ,2,.,5,/,1, , , , 
5,P, ,9,/,2, , , , , , 
5,P, ,8,/,2, , , , , , 
5,P, ,7,/,2, , , , , , 
5,P, ,6,/,2, , , , , , 
5,P, ,5,/,2, , , , , , 
5,P, ,4,/,2, , , , , , 
5,P, ,3,/,2, , , , , , 
5,P, ,2,.,5,/,2, , , , 
5,P, ,8,/,4, , , , , , 
5,P, ,7,/,4, , , , , , 
5,P, ,6,/,4, , , , , , 
5,P, ,5,/,4, , , , , , 
5,P, ,4,/,4, , , , , , 
5,P, ,3,/,4, , , , , , 
5,P, ,2,.,5,/,4, , , , 
5,P, ,7,/,6, , , , , , 
5,P, ,6,/,6, , , , , , 
5,P, ,5,/,6, , , , , , 
5,P, ,4,/,6, , , , , , 
5,P, ,3,/,6, , , , , , 
5,P, ,2,.,5,/,6, , , , 
5,P, ,7,/,8, , , , , , 
5,P, ,6,/,8, , , , , , 
5,P, ,5,/,8, , , , , , 
5,P, ,4,/,8, , , , , , 
5,P, ,3,/,8, , , , , , 
5,P, ,5,/,1,0, , , , , 
5,P, ,4,/,1,0, , , , , 
7,.,5,P, ,9,/,2, , , , 
7,.,5,P, ,8,/,2, , , , 
7,.,5,P, ,7,/,2, , , , 
7,.,5,P, ,6,/,2, , , , 
7,.,5,P, ,5,/,2, , , , 
7,.,5,P, ,4,/,2, , , , 
7,.,5,P, ,3,/,2, , , , 
7,.,5,P, ,2,.,5,/,2, , 
7,.,5,P, ,8,/,4, , , , 
7,.,5,P, ,7,/,4, , , , 
7,.,5,P, ,6,/,4, , , , 
7,.,5,P, ,5,/,4, , , , 
7,.,5,P, ,4,/,4, , , , 
7,.,5,P, ,3,/,4, , , , 
7,.,5,P, ,2,.,5,/,4, , 
7,.,5,P, ,8,/,6, , , , 
7,.,5,P, ,7,/,6, , , , 
7,.,5,P, ,6,/,6, , , , 
7,.,5,P, ,5,/,6, , , , 
7,.,5,P, ,4,/,6, , , , 
7,.,5,P, ,3,/,6, , , , 
7,.,5,P, ,7,/,8, , , , 
7,.,5,P, ,6,/,8, , , , 
7,.,5,P, ,5,/,8, , , , 
7,.,5,P, ,4,/,8, , , , 
7,.,5,P, ,3,/,8, , , , 
7,.,5,P, ,6,/,1,0, , , 
7,.,5,P, ,5,/,1,0, , , 
7,.,5,P, ,4,/,1,0, , , 
1,0,P, ,9,/,1, , , , , 
1,0,P, ,8,/,1, , , , , 
1,0,P, ,7,/,1, , , , , 
1,0,P, ,6,/,1, , , , , 
1,0,P, ,5,/,1, , , , , 
1,0,P, ,4,/,1, , , , , 
1,0,P, ,3,/,1, , , , , 
1,0,P, ,2,.,5,/,1, , , 
1,0,P, ,9,/,2, , , , , 
1,0,P, ,8,/,2, , , , , 
1,0,P, ,7,/,2, , , , , 
1,0,P, ,6,/,2, , , , , 
1,0,P, ,5,/,2, , , , , 
1,0,P, ,4,/,2, , , , , 
1,0,P, ,3,/,2, , , , , 
1,0,P, ,2,.,5,/,2, , , 
1,0,P, ,8,/,4, , , , , 
1,0,P, ,7,/,4, , , , , 
1,0,P, ,6,/,4, , , , , 
1,0,P, ,5,/,4, , , , , 
1,0,P, ,4,/,4, , , , , 
1,0,P, ,3,/,4, , , , , 
1,0,P, ,2,.,5,/,4, , , 
1,0,P, ,8,/,6, , , , , 
1,0,P, ,7,/,6, , , , , 
1,0,P, ,6,/,6, , , , , 
1,0,P, ,5,/,6, , , , , 
1,0,P, ,4,/,6, , , , , 
1,0,P, ,3,/,6, , , , , 
1,0,P, ,7,/,8, , , , , 
1,0,P, ,6,/,8, , , , , 
1,0,P, ,5,/,8, , , , , 
1,0,P, ,4,/,8, , , , , 
1,0,P, ,3,/,8, , , , , 
1,0,P, ,6,/,1,0, , , , 
1,0,P, ,5,/,1,0, , , , 
1,0,P, ,4,/,1,0, , , , 
1,0,P, ,5,/,1,2, , , , 
2,.,5,R,P, ,9,/,2, , , 
2,.,5,R,P, ,8,/,2, , , 
2,.,5,R,P, ,7,/,2, , , 
2,.,5,R,P, ,6,/,2, , , 
2,.,5,R,P, ,5,/,2, , , 
2,.,5,R,P, ,4,/,2, , , 
2,.,5,R,P, ,3,/,2, , , 
2,.,5,R,P, ,2,.,5,/,2, 
2,.,5,R,P, ,8,/,4, , , 
2,.,5,R,P, ,7,/,4, , , 
2,.,5,R,P, ,6,/,4, , , 
2,.,5,R,P, ,5,/,4, , , 
2,.,5,R,P, ,4,/,4, , , 
2,.,5,R,P, ,3,/,4, , , 
2,.,5,R,P, ,2,.,5,/,4, 
2,.,5,R,P, ,8,/,6, , , 
2,.,5,R,P, ,7,/,6, , , 
2,.,5,R,P, ,6,/,6, , , 
2,.,5,R,P, ,5,/,6, , , 
2,.,5,R,P, ,4,/,6, , , 
2,.,5,R,P, ,3,/,6, , , 
2,.,5,R,P, ,7,/,8, , , 
2,.,5,R,P, ,6,/,8, , , 
2,.,5,R,P, ,5,/,8, , , 
2,.,5,R,P, ,4,/,8, , , 
2,.,5,R,P, ,7,/,1,0, , 
2,.,5,R,P, ,6,/,1,0, , 
2,.,5,R,P, ,5,/,1,0, , 
2,.,5,R,P, ,4,/,1,0, , 
2,.,5,R,P, ,6,/,1,2, , 
2,.,5,R,P, ,5,/,1,2, , 
5,R,P, ,9,/,1, , , , , 
5,R,P, ,8,/,1, , , , , 
5,R,P, ,7,/,1, , , , , 
5,R,P, ,6,/,1, , , , , 
5,R,P, ,5,/,1, , , , , 
5,R,P, ,4,/,1, , , , , 
5,R,P, ,3,/,1, , , , , 
5,R,P, ,2,.,5,/,1, , , 
5,R,P, ,9,/,2, , , , , 
5,R,P, ,8,/,2, , , , , 
5,R,P, ,7,/,2, , , , , 
5,R,P, ,6,/,2, , , , , 
5,R,P, ,5,/,2, , , , , 
5,R,P, ,4,/,2, , , , , 
5,R,P, ,3,/,2, , , , , 
5,R,P, ,2,.,5,/,2, , , 
5,R,P, ,8,/,4, , , , , 
5,R,P, ,7,/,4, , , , , 
5,R,P, ,6,/,4, , , , , 
5,R,P, ,5,/,4, , , , , 
5,R,P, ,4,/,4, , , , , 
5,R,P, ,3,/,4, , , , , 
5,R,P, ,2,.,5,/,4, , , 
5,R,P, ,8,/,6, , , , , 
5,R,P, ,7,/,6, , , , , 
5,R,P, ,6,/,6, , , , , 
5,R,P, ,5,/,6, , , , , 
5,R,P, ,4,/,6, , , , , 
5,R,P, ,3,/,6, , , , , 
5,R,P, ,7,/,8, , , , , 
5,R,P, ,6,/,8, , , , , 
5,R,P, ,5,/,8, , , , , 
5,R,P, ,4,/,8, , , , , 
5,R,P, ,6,/,1,0, , , , 
5,R,P, ,5,/,1,0, , , , 
5,R,P, ,4,/,1,0, , , , 
5,R,P, ,5,/,1,2, , , , 
5,R,P, ,4,/,1,2, , , , 
7,.,5,R,P, ,9,/,2, , , 
7,.,5,R,P, ,8,/,2, , , 
7,.,5,R,P, ,7,/,2, , , 
7,.,5,R,P, ,6,/,2, , , 
7,.,5,R,P, ,5,/,2, , , 
7,.,5,R,P, ,4,/,2, , , 
7,.,5,R,P, ,3,/,2, , , 
7,.,5,R,P, ,2,.,5,/,2, 
7,.,5,R,P, ,8,/,4, , , 
7,.,5,R,P, ,7,/,4, , , 
7,.,5,R,P, ,6,/,4, , , 
7,.,5,R,P, ,5,/,4, , , 
7,.,5,R,P, ,4,/,4, , , 
7,.,5,R,P, ,3,/,4, , , 
7,.,5,R,P, ,2,.,5,/,4, 
7,.,5,R,P, ,8,/,6, , , 
7,.,5,R,P, ,7,/,6, , , 
7,.,5,R,P, ,6,/,6, , , 
7,.,5,R,P, ,5,/,6, , , 
7,.,5,R,P, ,4,/,6, , , 
7,.,5,R,P, ,3,/,6, , , 
7,.,5,R,P, ,7,/,8, , , 
7,.,5,R,P, ,6,/,8, , , 
7,.,5,R,P, ,5,/,8, , , 
7,.,5,R,P, ,4,/,8, , , 
7,.,5,R,P, ,6,/,1,0, , 
7,.,5,R,P, ,5,/,1,0, , 
7,.,5,R,P, ,4,/,1,0, , 
7,.,5,R,P, ,5,/,1,2, , 
7,.,5,R,P, ,4,/,1,2, , 
1,0,R,P, ,9,/,1, , , , 
1,0,R,P, ,8,/,1, , , , 
1,0,R,P, ,7,/,1, , , , 
1,0,R,P, ,6,/,1, , , , 
1,0,R,P, ,5,/,1, , , , 
1,0,R,P, ,4,/,1, , , , 
1,0,R,P, ,3,/,1, , , , 
1,0,R,P, ,2,.,5,/,1, , 
1,0,R,P, ,9,/,2, , , , 
1,0,R,P, ,8,/,2, , , , 
1,0,R,P, ,7,/,2, , , , 
1,0,R,P, ,6,/,2, , , , 
1,0,R,P, ,5,/,2, , , , 
1,0,R,P, ,4,/,2, , , , 
1,0,R,P, ,3,/,2, , , , 
1,0,R,P, ,2,.,5,/,2, , 
1,0,R,P, ,8,/,4, , , , 
1,0,R,P, ,7,/,4, , , , 
1,0,R,P, ,6,/,4, , , , 
1,0,R,P, ,5,/,4, , , , 
1,0,R,P, ,4,/,4, , , , 
1,0,R,P, ,3,/,4, , , , 
1,0,R,P, ,2,.,5,/,4, , 
1,0,R,P, ,8,/,6, , , , 
1,0,R,P, ,7,/,6, , , , 
1,0,R,P, ,6,/,6, , , , 
1,0,R,P, ,5,/,6, , , , 
1,0,R,P, ,4,/,6, , , , 
1,0,R,P, ,3,/,6, , , , 
1,0,R,P, ,7,/,8, , , , 
1,0,R,P, ,6,/,8, , , , 
1,0,R,P, ,5,/,8, , , , 
1,0,R,P, ,4,/,8, , , , 
1,0,R,P, ,6,/,1,0, , , 
1,0,R,P, ,5,/,1,0, , , 
1,0,R,P, ,4,/,1,0, , , 
1,0,R,P, ,5,/,1,2, , , 
1,0,R,P, ,4,/,1,2, , , 
